CREATE DATABASE  IF NOT EXISTS `db_inscripciones` /*!40100 DEFAULT CHARACTER SET utf8mb4 COLLATE utf8mb4_0900_ai_ci */ /*!80016 DEFAULT ENCRYPTION='N' */;
USE `db_inscripciones`;
-- MySQL dump 10.13  Distrib 8.0.42, for Win64 (x86_64)
--
-- Host: localhost    Database: db_inscripciones
-- ------------------------------------------------------
-- Server version	8.0.42

/*!40101 SET @OLD_CHARACTER_SET_CLIENT=@@CHARACTER_SET_CLIENT */;
/*!40101 SET @OLD_CHARACTER_SET_RESULTS=@@CHARACTER_SET_RESULTS */;
/*!40101 SET @OLD_COLLATION_CONNECTION=@@COLLATION_CONNECTION */;
/*!50503 SET NAMES utf8 */;
/*!40103 SET @OLD_TIME_ZONE=@@TIME_ZONE */;
/*!40103 SET TIME_ZONE='+00:00' */;
/*!40014 SET @OLD_UNIQUE_CHECKS=@@UNIQUE_CHECKS, UNIQUE_CHECKS=0 */;
/*!40014 SET @OLD_FOREIGN_KEY_CHECKS=@@FOREIGN_KEY_CHECKS, FOREIGN_KEY_CHECKS=0 */;
/*!40101 SET @OLD_SQL_MODE=@@SQL_MODE, SQL_MODE='NO_AUTO_VALUE_ON_ZERO' */;
/*!40111 SET @OLD_SQL_NOTES=@@SQL_NOTES, SQL_NOTES=0 */;

--
-- Table structure for table `cursos`
--

DROP TABLE IF EXISTS `cursos`;
/*!40101 SET @saved_cs_client     = @@character_set_client */;
/*!50503 SET character_set_client = utf8mb4 */;
CREATE TABLE `cursos` (
  `id` int NOT NULL AUTO_INCREMENT,
  `nombre` varchar(45) DEFAULT NULL,
  `duracion` int DEFAULT NULL,
  PRIMARY KEY (`id`)
) ENGINE=InnoDB AUTO_INCREMENT=5 DEFAULT CHARSET=utf8mb4 COLLATE=utf8mb4_0900_ai_ci;
/*!40101 SET character_set_client = @saved_cs_client */;

--
-- Dumping data for table `cursos`
--

LOCK TABLES `cursos` WRITE;
/*!40000 ALTER TABLE `cursos` DISABLE KEYS */;
INSERT INTO `cursos` VALUES (1,'HTML, CSS y JavaScript',2),(2,'Java POO',4),(3,'Bases de Datos',4),(4,'Spring y SpringBoot',4);
/*!40000 ALTER TABLE `cursos` ENABLE KEYS */;
UNLOCK TABLES;

--
-- Table structure for table `estudiantes`
--

DROP TABLE IF EXISTS `estudiantes`;
/*!40101 SET @saved_cs_client     = @@character_set_client */;
/*!50503 SET character_set_client = utf8mb4 */;
CREATE TABLE `estudiantes` (
  `id` int NOT NULL AUTO_INCREMENT,
  `nombre` varchar(45) DEFAULT NULL,
  `edad` int DEFAULT NULL,
  PRIMARY KEY (`id`)
) ENGINE=InnoDB AUTO_INCREMENT=6 DEFAULT CHARSET=utf8mb4 COLLATE=utf8mb4_0900_ai_ci;
/*!40101 SET character_set_client = @saved_cs_client */;

--
-- Dumping data for table `estudiantes`
--

LOCK TABLES `estudiantes` WRITE;
/*!40000 ALTER TABLE `estudiantes` DISABLE KEYS */;
INSERT INTO `estudiantes` VALUES (1,'Fiorella',21),(2,'Felipe',21),(3,'Andrés',20),(4,'Daniel',29),(5,'Martín',21);
/*!40000 ALTER TABLE `estudiantes` ENABLE KEYS */;
UNLOCK TABLES;

--
-- Table structure for table `inscripciones`
--

DROP TABLE IF EXISTS `inscripciones`;
/*!40101 SET @saved_cs_client     = @@character_set_client */;
/*!50503 SET character_set_client = utf8mb4 */;
CREATE TABLE `inscripciones` (
  `id_curso` int NOT NULL,
  `id_estudiante` int NOT NULL,
  PRIMARY KEY (`id_curso`,`id_estudiante`),
  KEY `fk_cursos_has_estudiantes_estudiantes1_idx` (`id_estudiante`),
  KEY `fk_cursos_has_estudiantes_cursos_idx` (`id_curso`),
  CONSTRAINT `fk_cursos_has_estudiantes_cursos` FOREIGN KEY (`id_curso`) REFERENCES `cursos` (`id`),
  CONSTRAINT `fk_cursos_has_estudiantes_estudiantes1` FOREIGN KEY (`id_estudiante`) REFERENCES `estudiantes` (`id`)
) ENGINE=InnoDB DEFAULT CHARSET=utf8mb4 COLLATE=utf8mb4_0900_ai_ci;
/*!40101 SET character_set_client = @saved_cs_client */;

--
-- Dumping data for table `inscripciones`
--

LOCK TABLES `inscripciones` WRITE;
/*!40000 ALTER TABLE `inscripciones` DISABLE KEYS */;
INSERT INTO `inscripciones` VALUES (1,1),(3,1),(2,2),(4,2),(2,3),(3,3),(1,4),(2,4);
/*!40000 ALTER TABLE `inscripciones` ENABLE KEYS */;
UNLOCK TABLES;
/*!40103 SET TIME_ZONE=@OLD_TIME_ZONE */;

/*!40101 SET SQL_MODE=@OLD_SQL_MODE */;
/*!40014 SET FOREIGN_KEY_CHECKS=@OLD_FOREIGN_KEY_CHECKS */;
/*!40014 SET UNIQUE_CHECKS=@OLD_UNIQUE_CHECKS */;
/*!40101 SET CHARACTER_SET_CLIENT=@OLD_CHARACTER_SET_CLIENT */;
/*!40101 SET CHARACTER_SET_RESULTS=@OLD_CHARACTER_SET_RESULTS */;
/*!40101 SET COLLATION_CONNECTION=@OLD_COLLATION_CONNECTION */;
/*!40111 SET SQL_NOTES=@OLD_SQL_NOTES */;

-- Dump completed on 2025-04-26 15:30:48
